<?xml version="1.0" encoding="UTF-8" standalone="no"?>
<!DOCTYPE properties SYSTEM "http://java.sun.com/dtd/properties.dtd">
<properties>
<comment>應用程式參數 190304</comment>
<entry key="ServerInfo"/>
<entry key="isCleanTmpFile">true</entry>
<entry key="JVM_MB">3000</entry>
<entry key="cryptKey">ZZEERROO</entry>
<entry key="CONSOLE_PATH">/JudgeServer_CONSOLE</entry>
<entry key="rsyncAccount">zero</entry>
<entry key="Lxc_NAME">lxc-ALL</entry>
<entry key="allowIPset">[127.0.0.1]</entry>
<entry key="Compilers">[{"version":"gcc -std=c11(gcc 7.3.0)","command_begin":"","cmd_compile":"gcc $S/$C.c -std=c11 -lm -lcrypt -O2 -pipe -DONLINE_JUDGE -o $S/$C.exe","cmd_namemangling":"nm -A $S/$C.exe","cmd_execute":"$S/$C.exe &lt; $T &gt; $S/$C.out","cmd_makeobject":"g++ $S/$C.c -o $S/$C.o","timeextension":1.0,"command_end":"","samplecode":"#include&lt;stdio.h&gt;\r\nint main() {\r\n char s[9999];\r\nwhile( scanf(\"%s\",s)!=EOF ) {\r\n printf(\"hello, %s\\n\",s);\r\n }\r\n return 0;\r\n}","restrictedfunctions":["system","fopen","fclose","freopen","fflush","fstream","time.h","#pargma","conio.h","fork","popen","execl","execlp","execle","execv","execvp","getenv","putenv","setenv","unsetenv","socket","connect","fwrite","gethostbyname"],"enable":null,"suffix":"c","language":"C","path":""},{"version":"g++ -std=c++14(g++ 7.3.0)","command_begin":"","cmd_compile":"g++ -std=c++14 -lm -lcrypt -O2 -pipe -DONLINE_JUDGE -o $S/$C.exe $S/$C.cpp","cmd_namemangling":"nm -A $S/$C.exe","cmd_execute":"$S/$C.exe &lt; $T &gt; $S/$C.out","cmd_makeobject":"g++ $S/$C.cpp -o $S/$C.o","timeextension":1.0,"command_end":"","samplecode":"#include &lt;iostream&gt;\r\nusing namespace std;\r\n\r\nint main() {\r\nstring s;\r\n while(cin &gt;&gt; s){\r\ncout &lt;&lt; \"hello, \"&lt;&lt; s &lt;&lt; endl;\r\n }\r\n return 0;\r\n}","restrictedfunctions":["system","fopen","fclose","freopen","fflush","fstream","ifstream","ofstream","time.h","#pargma","conio.h","fork","popen","execl","execlp","execle","execv","execvp","getenv","putenv","setenv","unsetenv","socket","connect","fwrite","gethostbyname"],"enable":"CPP","suffix":"cpp","language":"CPP","path":""},{"version":"OpenJDK java version 1.8.0","command_begin":"","cmd_compile":"javac -encoding UTF-8 $S/$C.java","cmd_namemangling":"javap -classpath $S -verbose $C","cmd_execute":"java -Dfile.encoding=utf-8 -classpath $S $C &lt; $T &gt; $S/$C.out","cmd_makeobject":"","timeextension":3.0,"command_end":"","samplecode":"import java.util.Scanner;\r\npublic class JAVA {\r\n\tpublic static void main(String[] args) {\r\n\t\tScanner cin= new Scanner(System.in);\r\n\t\tString s;\r\n\t\twhile (cin.hasNext()) {\r\n\t\t\ts=cin.nextLine();\r\n\t\t\tSystem.out.println(\"hello, \" + s);\r\n\t\t}\r\n\t}\r\n}","restrictedfunctions":["java\\.io\\.File.*","java\\.net\\..*","java\\.lang\\.Thread","java\\.lang\\.Runtime","java\\.lang\\.Runnable","java\\.lang\\.Process","java\\.applet\\..*","java\\.awt\\..*","java\\.nio\\..*","java\\.sql\\..*","java\\.security\\..*","java\\.rmi\\..*","java\\.lang\\.Exception","java\\.lang\\.RuntimeException"],"enable":null,"suffix":"java","language":"JAVA","path":""},{"version":"Free Pascal Compiler version 3.0.4","command_begin":"","cmd_compile":"fpc -o$S/$C.exe -Sg $S/$C.pas","cmd_namemangling":"nm -A $S/$C.o","cmd_execute":"$S/$C.exe &lt; $T &gt; $S/$C.out","cmd_makeobject":"","timeextension":1.0,"command_end":"","samplecode":"var s : string;\r\nbegin\r\nwhile not eof do begin\r\nreadln(s);\r\nwriteln('hello, ',s);\r\nend;\r\nend.","restrictedfunctions":["SYSTEM_RESET","SYSTEM_CLOSE","SYSTEM_ASSIGN","SYSTEM_REWRITE","dos","SysUtils","exec","stdcall","external","assign","reset","rewrite","close","execute","OBJPAS_CLOSEFILE","OBJPAS_ASSIGNFILE","GenerateInstruction_CALL_FAR","SysProc_SeekFile","SysProc_EraseFile","SysProc_RenameFileC","SysProc_TruncFile"],"enable":null,"suffix":"pas","language":"PASCAL","path":""},{"version":"Python 3.6.6","command_begin":"","cmd_compile":"","cmd_namemangling":"","cmd_execute":"python3 $S/$C.py &lt; $T &gt; $S/$C.out","cmd_makeobject":"","timeextension":3.0,"command_end":"","samplecode":"import sys\r\nfor s in sys.stdin:\r\n    print('hello, '+s)","restrictedfunctions":[],"enable":"PYTHON","suffix":"py","language":"PYTHON","path":""}]</entry>
<entry key="Servername">ZeroJudgeServer</entry>
<entry key="version">3.2.1</entry>
<entry key="ServerOS">Debian</entry>
<entry key="sshport">22</entry>
</properties>
